[
	{
		"name":"RR",
		"payment_date":" Sample Poblacion (Lakewood) Lakewood Zamboanga Del Sur",
		"has_gcredit":"false",
		"fee_amount":"0",
		"biller_type":"7.86,123.1604555"
	},
	{
		"name":"A and C Mart",
		"payment_date":" Ajs010 Ajoya  Gabi Cordova Cebu",
		"has_gcredit":"false",
		"fee_amount":"0",
		"biller_type":"10.27,123.9576771"
	},
	{
		"name":"gelsheew bakery",
		"payment_date":"196 duhat ext. napico Manggahan City Of Pasig Metro Manila",
		"has_gcredit":"false",
		"fee_amount":"0",
		"biller_type":"14.60,121.0991825"
	},
	{
		"name":"Random Loots",
		"payment_date":"4262 Bagong Anyo St., Brgy  Duquit Mabalacat City Pampanga",
		"has_gcredit":"false",
		"fee_amount":"0",
		"biller_type":"15.18,120.5978524"
	},
	{
		"name":"Montero Store",
		"payment_date":" H-3-5 Tropical Vill. Pabahay 2000 San Francisco City Of General Trias Cavite",
		"has_gcredit":"false",
		"fee_amount":"0",
		"biller_type":"14.28,120.9015174"
	},
	{
		"name":"5NJ Store",
		"payment_date":" Blk 87 lot 40 beside bulaon hospital CSFP San Vicente Bacolor Pampanga",
		"has_gcredit":"false",
		"fee_amount":"0",
		"biller_type":"15.00,120.6530644"
	},
	{
		"name":"Aga Store",
		"payment_date":" B-16-5 Tropical Village San Francisco City Of General Trias Cavite",
		"has_gcredit":"false",
		"fee_amount":"0",
		"biller_type":"14.30,120.9177653"
	},
	{
		"name":"Adam and ezra sari sari store",
		"payment_date":" Gertrudes st Mambugan City Of Antipolo (Capital) Rizal",
		"has_gcredit":"false",
		"fee_amount":"0",
		"biller_type":"14.61,121.133294"
	},
	{
		"name":"eloisa store",
		"payment_date":" juliana Juliana City Of San Fernando (Capital) Pampanga",
		"has_gcredit":"false",
		"fee_amount":"0",
		"biller_type":"15.03,120.6911616"
	},
	{
		"name":"joyed grocery ",
		"payment_date":"2416 carmelita st stateland hills Manggahan City Of General Trias Cavite",
		"has_gcredit":"false",
		"fee_amount":"0",
		"biller_type":"14.30,120.915921"
	},
	{
		"name":"Journey Bakery",
		"payment_date":" Sitio bukal ng Buhay OLalia road  Dela Paz (Pob.) City Of Antipolo (Capital) Rizal",
		"has_gcredit":"false",
		"fee_amount":"0",
		"biller_type":"14.61,121.174966"
	},
	{
		"name":"Bensan store",
		"payment_date":" blk 164 lot 33 Bulaon City Of San Fernando (Capital) Pampanga",
		"has_gcredit":"false",
		"fee_amount":"0",
		"biller_type":"15.08,120.6645667"
	},
	{
		"name":"JONG&CHLOE STORE",
		"payment_date":" Mulawin st Pinagbuhatan City Of Pasig Metro Manila",
		"has_gcredit":"false",
		"fee_amount":"0",
		"biller_type":"14.55,121.1039324"
	},
	{
		"name":"KOLAI & LUKI STORE",
		"payment_date":" CIRCUMFERENCIAL ROAD Labogon City Of Mandaue Cebu",
		"has_gcredit":"false",
		"fee_amount":"0",
		"biller_type":"10.35,123.9568845"
	},
	{
		"name":"LEOCADIO STORE",
		"payment_date":"004 marcos hiway purok sumulong Dela Paz (Pob.) City Of Antipolo (Capital) Rizal",
		"has_gcredit":"false",
		"fee_amount":"0",
		"biller_type":"14.62,121.1722621"
	},
	{
		"name":"Raeven Store",
		"payment_date":" Blk3 lot2 pli homes San juan Mayamot City Of Antipolo (Capital) Rizal",
		"has_gcredit":"false",
		"fee_amount":"0",
		"biller_type":"14.63,121.120934"
	},
	{
		"name":"Edz and Jafz Sari Sari Store",
		"payment_date":" Sec 8 Blk 22 Lot 2  Sunny Brooke 2 San Francisco City Of General Trias Cavite",
		"has_gcredit":"false",
		"fee_amount":"0",
		"biller_type":"14.28,120.9015917"
	},
	{
		"name":"Austine store",
		"payment_date":" Juliana Juliana City Of San Fernando (Capital) Pampanga",
		"has_gcredit":"false",
		"fee_amount":"0",
		"biller_type":"15.03,120.6911616"
	},
	{
		"name":"lhea store",
		"payment_date":" blk 133 lot 25 bulaon rest. Bulaon City Of San Fernando (Capital) Pampanga",
		"has_gcredit":"false",
		"fee_amount":"0",
		"biller_type":"15.08,120.6645667"
	},
	{
		"name":"Valencia Store",
		"payment_date":" Blk 70 lot 1 bulaon Bulaon City Of San Fernando (Capital) Pampanga",
		"has_gcredit":"false",
		"fee_amount":"0",
		"biller_type":"15.08,120.6645667"
	},
	{
		"name":"Josefina store",
		"payment_date":" Eskina Humay humay Pajo City Of Lapu-Lapu (Opon) Cebu",
		"has_gcredit":"false",
		"fee_amount":"0",
		"biller_type":"10.31,123.9573763"
	},
	{
		"name":"St Bernard Bakeshop & Mini Mart",
		"payment_date":" Sangi New Rd., Back of City Hall Pajo City Of Lapu-Lapu (Opon) Cebu",
		"has_gcredit":"false",
		"fee_amount":"0",
		"biller_type":"10.31,123.9643458"
	},
	{
		"name":"Gievan sari-sari store",
		"payment_date":" Sitio tibagan II Mayamot City Of Antipolo (Capital) Rizal",
		"has_gcredit":"false",
		"fee_amount":"0",
		"biller_type":"14.63,121.1381005"
	},
	{
		"name":"Cathy store",
		"payment_date":" Lornaville San Roque (Pob.) City Of Antipolo (Capital) Rizal",
		"has_gcredit":"false",
		"fee_amount":"0",
		"biller_type":"14.56,121.1699588"
	},
	{
		"name":"Albert Sari sari store",
		"payment_date":" Blk 128 lot 17 Bulaon City Of San Fernando (Capital) Pampanga",
		"has_gcredit":"false",
		"fee_amount":"0",
		"biller_type":"15.08,120.6645667"
	},
	{
		"name":"Thess store",
		"payment_date":" Dungca st. Sapalibutad City Of Angeles Pampanga",
		"has_gcredit":"false",
		"fee_amount":"0",
		"biller_type":"15.16,120.6299114"
	},
	{
		"name":"AAA General Merchandising Store",
		"payment_date":" B11 L9 Nia Road Woodsite1 Pasong Buaya II City Of Imus Cavite",
		"has_gcredit":"false",
		"fee_amount":"0",
		"biller_type":"14.39,120.9663336"
	},
	{
		"name":"Charize store",
		"payment_date":" Infante st. Unicent  Pinagbuhatan City Of Pasig Metro Manila",
		"has_gcredit":"false",
		"fee_amount":"0",
		"biller_type":"14.54,121.1050117"
	},
	{
		"name":"argelouweynn rtw",
		"payment_date":" st. matthew Sapalibutad City Of Angeles Pampanga",
		"has_gcredit":"false",
		"fee_amount":"0",
		"biller_type":"15.16,120.6286186"
	},
	{
		"name":"Remy store ",
		"payment_date":"2133 dungca st. Sapalibutad City Of Angeles Pampanga",
		"has_gcredit":"false",
		"fee_amount":"0",
		"biller_type":"15.16,120.6302589"
	},
	{
		"name":"GDS LOADING STATION",
		"payment_date":" Virgen Dela Paz San Jose (Pob.) City Of Antipolo (Capital) Rizal",
		"has_gcredit":"false",
		"fee_amount":"0",
		"biller_type":"14.58,121.2251439"
	},
	{
		"name":"R.M MENIANO CONSUMER GOODS STORE / RTM MINIMART",
		"payment_date":" Phase 11 Blk 102 Lot 38 Deca Clark Margot City Of Angeles Pampanga",
		"has_gcredit":"false",
		"fee_amount":"0",
		"biller_type":"15.17,120.5197832"
	},
	{
		"name":"Airene",
		"payment_date":" Sapphire Santo Niño City Of Marikina Metro Manila",
		"has_gcredit":"false",
		"fee_amount":"0",
		"biller_type":"14.64,121.097336"
	},
	{
		"name":"Don don store",
		"payment_date":" Sitio corina Bagong Nayon City Of Antipolo (Capital) Rizal",
		"has_gcredit":"false",
		"fee_amount":"0",
		"biller_type":"14.63,121.1695228"
	},
	{
		"name":"Jennifer food products trading",
		"payment_date":" Jacinto st. Mambugan City Of Antipolo (Capital) Rizal",
		"has_gcredit":"false",
		"fee_amount":"0",
		"biller_type":"14.61,121.1227391"
	},
	{
		"name":"Helen's store",
		"payment_date":" blk 68 lot 1 Bulaon City Of San Fernando (Capital) Pampanga",
		"has_gcredit":"false",
		"fee_amount":"0",
		"biller_type":"15.08,120.6645667"
	},
	{
		"name":"lourdes store",
		"payment_date":"1268 kamatis street Manggahan City Of Pasig Metro Manila",
		"has_gcredit":"false",
		"fee_amount":"0",
		"biller_type":"14.60,121.0963236"
	},
	{
		"name":"Amy store",
		"payment_date":"427 duhat Street  Manggahan City Of Pasig Metro Manila",
		"has_gcredit":"false",
		"fee_amount":"0",
		"biller_type":"14.60,121.0964973"
	},
	{
		"name":"RK STORE",
		"payment_date":" Blk 7,Quarry road sewage Pusok Lapu-lapu City Pusok City Of Lapu-Lapu (Opon) Cebu",
		"has_gcredit":"false",
		"fee_amount":"0",
		"biller_type":"10.32,123.9707667"
	},
	{
		"name":"Arvin vegetable wholesaling",
		"payment_date":" Block 15 lot 13 San isidro ressetlement San Isidro Magalang Pampanga",
		"has_gcredit":"false",
		"fee_amount":"0",
		"biller_type":"15.23,120.6357944"
	},
	{
		"name":"Kring Jen store",
		"payment_date":"21 sumulong st San Jose (Pob.) City Of Antipolo (Capital) Rizal",
		"has_gcredit":"false",
		"fee_amount":"0",
		"biller_type":"14.59,121.1777432"
	},
	{
		"name":"Sabon for Everyone",
		"payment_date":" Saint Andrew St  Sapalibutad City Of Angeles Pampanga",
		"has_gcredit":"false",
		"fee_amount":"0",
		"biller_type":"15.1588934,120.6286186"
	},
	{
		"name":"Mabel Cakes and Pastries Shop",
		"payment_date":" Pajac Maribago road Pajac City Of Lapu-Lapu (Opon) Cebu",
		"has_gcredit":"false",
		"fee_amount":"0",
		"biller_type":"10.2966209,123.984649"
	},
	{
		"name":"Oti's Sari sari store",
		"payment_date":"648 (new#) Shoe Avenue Concepcion Uno City Of Marikina Metro Manila",
		"has_gcredit":"false",
		"fee_amount":"0",
		"biller_type":"14.6448404,121.1003356"
	},
	{
		"name":"Rebecca store",
		"payment_date":" Purok angela sumulong highway Dela Paz (Pob.) City Of Antipolo (Capital) Rizal",
		"has_gcredit":"false",
		"fee_amount":"0",
		"biller_type":"14.602651,121.1773027"
	},
	{
		"name":"angel store",
		"payment_date":" sitio malaking parang San Jose (Pob.) City Of Antipolo (Capital) Rizal",
		"has_gcredit":"false",
		"fee_amount":"0",
		"biller_type":"14.6330528,121.2417506"
	},
	{
		"name":"IAM Marketing and Business Services",
		"payment_date":" Ph9 Blk103 L88 Marigold StDeca Clark Margot City Of Angeles Pampanga",
		"has_gcredit":"false",
		"fee_amount":"0",
		"biller_type":"15.1696944,120.5343861"
	},
	{
		"name":"Ahron gabby",
		"payment_date":"188 sumulong Mayamot City Of Antipolo (Capital) Rizal",
		"has_gcredit":"false",
		"fee_amount":"0",
		"biller_type":"14.6297281,121.1198381"
	},
	{
		"name":"RN CEBU'S Bakeshop",
		"payment_date":" F. PARAS street, Poblacion Barili Cebu  Poblacion Barili Cebu",
		"has_gcredit":"false",
		"fee_amount":"0",
		"biller_type":"10.1127358,123.512349"
	},
	{
		"name":"KNK MART",
		"payment_date":" Blk 28 lot 8 Bulaon City Of San Fernando (Capital) Pampanga",
		"has_gcredit":"false",
		"fee_amount":"0",
		"biller_type":"15.0844944,120.6645667"
	},
	{
		"name":"MICHEAL SALDUA STORE",
		"payment_date":" Zone 2 Buaya City Of Lapu-Lapu (Opon) Cebu",
		"has_gcredit":"false",
		"fee_amount":"0",
		"biller_type":"10.3149308,123.995911"
	},
	{
		"name":"BSR MYSTORE",
		"payment_date":" Kagudoy Road Basak City Of Lapu-Lapu (Opon) Cebu",
		"has_gcredit":"false",
		"fee_amount":"0",
		"biller_type":"10.2911861,123.9679938"
	},
	{
		"name":"Espie variety store",
		"payment_date":" Tagunol st Cogon Pardo City Of Cebu (Capital) Cebu",
		"has_gcredit":"false",
		"fee_amount":"0",
		"biller_type":"10.2746116,123.8598049"
	},
	{
		"name":"drick store",
		"payment_date":" j. p laurel  San Roque City Of Marikina Metro Manila",
		"has_gcredit":"false",
		"fee_amount":"0",
		"biller_type":"14.6380277,121.1047471"
	},
	{
		"name":"loidas store",
		"payment_date":" B5 L1 PH1 DELA COSTA V Burgos Rodriguez (Montalban) Rizal",
		"has_gcredit":"false",
		"fee_amount":"0",
		"biller_type":"14.7195666,121.1303489"
	},
	{
		"name":"Rose & Aries",
		"payment_date":"48 Lourdes, Aba Homes, Brgy. Dalig Dalig City Of Antipolo (Capital) Rizal",
		"has_gcredit":"false",
		"fee_amount":"0",
		"biller_type":"14.5622415,121.1875678"
	},
	{
		"name":"S and R Angels Store",
		"payment_date":" Sto nino St. Sta cruz Highway Santa Cruz-Santo Niño (Pob.) Balamban Cebu",
		"has_gcredit":"false",
		"fee_amount":"0",
		"biller_type":"10.5066304,123.7132561"
	},
	{
		"name":"Rhianna jade sari sari store",
		"payment_date":" Rizza street Pinugay Baras Rizal",
		"has_gcredit":"false",
		"fee_amount":"0",
		"biller_type":"14.5908025,121.2912463"
	},
	{
		"name":"Zander store",
		"payment_date":"10487 Pinalad Road  Pinagbuhatan City Of Pasig Metro Manila",
		"has_gcredit":"false",
		"fee_amount":"0",
		"biller_type":"14.5458222,121.1012038"
	},
	{
		"name":"Loida's store",
		"payment_date":" B5 L1 PH1 DELA COSTA V Burgos Rodriguez (Montalban) Rizal",
		"has_gcredit":"false",
		"fee_amount":"0",
		"biller_type":"14.7195666,121.1303489"
	},
	{
		"name":"ZHAY'S LOADING STATION",
		"payment_date":" Sangi New Road Pajo City Of Lapu-Lapu (Opon) Cebu",
		"has_gcredit":"false",
		"fee_amount":"0",
		"biller_type":"10.3142559,123.9643458"
	},
	{
		"name":"JOENEL SARI2X STORE",
		"payment_date":" Tagunol Street Basak San Nicolas Basak San Nicolas City Of Cebu (Capital) Cebu",
		"has_gcredit":"false",
		"fee_amount":"0",
		"biller_type":"10.288496,123.873699"
	},
	{
		"name":"AJ STORE",
		"payment_date":" #15 M.H Del Pilar St. Palatiw Kaliwa Palatiw City Of Pasig Metro Manila",
		"has_gcredit":"false",
		"fee_amount":"0",
		"biller_type":"14.5619928,121.0890644"
	},
	{
		"name":"MMA GENERAL MERCHANDISE",
		"payment_date":"255 MH Del Pilar st.Palatiw kaliwa Pasig city Palatiw City Of Pasig Metro Manila",
		"has_gcredit":"false",
		"fee_amount":"0",
		"biller_type":"14.5640804,121.0843268"
	},
	{
		"name":"MADELAINE G. GEN MDSE & SKIN CARE PRODUCTS TRADING",
		"payment_date":" NORTHVILLE 14 Calulut City Of San Fernando (Capital) Pampanga",
		"has_gcredit":"false",
		"fee_amount":"0",
		"biller_type":"15.0916015,120.6518589"
	},
	{
		"name":"LEN and GING store",
		"payment_date":" Mohon Balabagon Moalboal Cebu Balabagon Moalboal Cebu",
		"has_gcredit":"false",
		"fee_amount":"0",
		"biller_type":"9.9173159,123.4075149"
	},
	{
		"name":"Lj and carls bakery",
		"payment_date":"445 n cruz st villa raymundo Palatiw City Of Pasig Metro Manila",
		"has_gcredit":"false",
		"fee_amount":"0",
		"biller_type":"14.5624961,121.0910303"
	},
	{
		"name":"Remy store",
		"payment_date":"173 mh delpilar Santo Tomas City Of Pasig Metro Manila",
		"has_gcredit":"false",
		"fee_amount":"0",
		"biller_type":"14.5650963,121.0816765"
	},
	{
		"name":"LILY'S STORE",
		"payment_date":" AS FORTUNA ST Banilad City Of Mandaue Cebu",
		"has_gcredit":"false",
		"fee_amount":"0",
		"biller_type":"10.3414727,123.9193232"
	},
	{
		"name":"Jessel gillego sari sari store",
		"payment_date":" Heneral dos blk 17 lot 1 brgy pasong kawayan 2 Pasong Kawayan II City Of General Trias Cavite",
		"has_gcredit":"false",
		"fee_amount":"0",
		"biller_type":"14.3378701,120.8813054"
	},
	{
		"name":"Roseven ",
		"payment_date":" Block 2 lot 18 village 2 Dela Paz Sur City Of San Fernando (Capital) Pampanga",
		"has_gcredit":"false",
		"fee_amount":"0",
		"biller_type":"15.1715838,120.5888575"
	},
	{
		"name":"Orange Haus",
		"payment_date":"36B Cabreros St. Cebu City Basak San Nicolas City Of Cebu (Capital) Cebu",
		"has_gcredit":"false",
		"fee_amount":"0",
		"biller_type":"10.2870904,123.8704259"
	},
	{
		"name":"shannen cloud store",
		"payment_date":" phase 11 blk 126 lot 139 deca clark Margot City Of Angeles Pampanga",
		"has_gcredit":"false",
		"fee_amount":"0",
		"biller_type":"15.1706974,120.5197832"
	},
	{
		"name":"Galang's Store",
		"payment_date":"201 MRR St. Purok 4 Pineda, Pasig City Pineda City Of Pasig Metro Manila",
		"has_gcredit":"false",
		"fee_amount":"0",
		"biller_type":"14.5662221,121.0549593"
	},
	{
		"name":"VIDEÑA SARI SARI STORE",
		"payment_date":" SITIO LONG DREAM Bulacao City Of Talisay Cebu",
		"has_gcredit":"false",
		"fee_amount":"0",
		"biller_type":"10.2726116,123.8508969"
	},
	{
		"name":"Abiezer sari-sari store",
		"payment_date":"0793 Camagong Street Lahug (Pob.) City Of Cebu (Capital) Cebu",
		"has_gcredit":"false",
		"fee_amount":"0",
		"biller_type":"10.3243278,123.9007923"
	},
	{
		"name":"Janet and babylyn vegetable ",
		"payment_date":"5 Chestnut St. San Roque City Of Marikina Metro Manila",
		"has_gcredit":"false",
		"fee_amount":"0",
		"biller_type":"14.6271861,121.1031551"
	},
	{
		"name":"Aishwaria and Cyan's Store",
		"payment_date":"690 Katipunan street Tisa City Of Cebu (Capital) Cebu",
		"has_gcredit":"false",
		"fee_amount":"0",
		"biller_type":"10.3010319,123.8722614"
	},
	{
		"name":"Jeff Store",
		"payment_date":"50 Figueroa St Block 1 Sawang Calero (Pob.) City Of Cebu (Capital) Cebu",
		"has_gcredit":"false",
		"fee_amount":"0",
		"biller_type":"10.2933683,123.8883338"
	},
	{
		"name":"chengz reload services",
		"payment_date":" purok1 Apalit Floridablanca Pampanga",
		"has_gcredit":"false",
		"fee_amount":"0",
		"biller_type":"14.9494418,120.7588402"
	},
	{
		"name":"Chacho store",
		"payment_date":"794 Bulacao Pardo, Bulacao Bulacao City Of Cebu (Capital) Cebu",
		"has_gcredit":"false",
		"fee_amount":"0",
		"biller_type":"10.2733119,123.8494919"
	},
	{
		"name":"Elenita Store",
		"payment_date":" Larumbe Street, Lower Bayong Inayagan City Of Naga Cebu",
		"has_gcredit":"false",
		"fee_amount":"0",
		"biller_type":"10.235961,123.7727229"
	},
	{
		"name":"Lara & Lennard Sari Sari Store",
		"payment_date":"413-D Masilang St Pineda Pasig City  Pineda City Of Pasig Metro Manila",
		"has_gcredit":"false",
		"fee_amount":"0",
		"biller_type":"14.563694,121.063624"
	},
	{
		"name":"aubrey c. alunan loading station",
		"payment_date":" New taytay public market San Juan Taytay Rizal",
		"has_gcredit":"false",
		"fee_amount":"0",
		"biller_type":"14.558928,121.1351167"
	},
	{
		"name":"Krisha onlishop",
		"payment_date":" Tonsuya malabon Tonsuya City Of Malabon Metro Manila",
		"has_gcredit":"false",
		"fee_amount":"0",
		"biller_type":"14.6623461,120.9596667"
	},
	{
		"name":"Mardy mini store",
		"payment_date":"10 b dr. Maldo Kapasigan City Of Pasig Metro Manila",
		"has_gcredit":"false",
		"fee_amount":"0",
		"biller_type":"14.5637991,121.0757883"
	},
	{
		"name":"Sari-sari Store",
		"payment_date":" Purok Molave 2 Tayud Liloan Cebu",
		"has_gcredit":"false",
		"fee_amount":"0",
		"biller_type":"10.3759135,123.9995067"
	},
	{
		"name":"RUBI SARI-SARI STORE AND CARENDERIA",
		"payment_date":" M DELA CONCEPCION ST. ZONE 3 PASIL CEBU CITY Pasil City Of Cebu (Capital) Cebu",
		"has_gcredit":"false",
		"fee_amount":"0",
		"biller_type":"10.2917387,123.8936765"
	},
	{
		"name":"Chloe's Store",
		"payment_date":"242-F A. LOPEZ ST. LABANGON CEBU CITY Labangon City Of Cebu (Capital) Cebu",
		"has_gcredit":"false",
		"fee_amount":"0",
		"biller_type":"10.303429,123.8836061"
	},
	{
		"name":"Amaya's One-Stop Shop",
		"payment_date":" Luknay Poblacion South San Fernando Cebu",
		"has_gcredit":"false",
		"fee_amount":"0",
		"biller_type":"10.1610812,123.7037735"
	},
	{
		"name":"Montales Store",
		"payment_date":"5 Retelco Drive  Bagong Ilog City Of Pasig Metro Manila",
		"has_gcredit":"false",
		"fee_amount":"0",
		"biller_type":"14.5684054,121.0713384"
	},
	{
		"name":"SARI-SARI STORE REGIE",
		"payment_date":" Purok Yellow bell Looc City Of Lapu-Lapu (Opon) Cebu",
		"has_gcredit":"false",
		"fee_amount":"0",
		"biller_type":"10.304615,123.9417798"
	},
	{
		"name":"JRP Store",
		"payment_date":"664 MRR St. Pineda Pasig City Pineda City Of Pasig Metro Manila",
		"has_gcredit":"false",
		"fee_amount":"0",
		"biller_type":"14.5645086,121.060595"
	},
	{
		"name":"NELVE'S STORE",
		"payment_date":" Seawage Pusok City Of Lapu-Lapu (Opon) Cebu",
		"has_gcredit":"false",
		"fee_amount":"0",
		"biller_type":"10.3142804,123.9639731"
	},
	{
		"name":"Padernos Mini Store",
		"payment_date":"23 Avis St Bagong Ilog City Of Pasig Metro Manila",
		"has_gcredit":"false",
		"fee_amount":"0",
		"biller_type":"14.5622586,121.0710753"
	},
	{
		"name":"Cynthia store",
		"payment_date":"117 mavio street  Tigpalas San Miguel Bulacan",
		"has_gcredit":"false",
		"fee_amount":"0",
		"biller_type":"15.1520419,120.9811791"
	},
	{
		"name":"Gen2Rev food hub",
		"payment_date":" Alkalde Jose street Kapasigan City Of Pasig Metro Manila",
		"has_gcredit":"false",
		"fee_amount":"0",
		"biller_type":"14.5614736,121.0753471"
	},
	{
		"name":"JJOGNO SCHOOL SUPPLIES",
		"payment_date":"210 DR. SIXTO ANTONIO AVENUE Caniogan City Of Pasig Metro Manila",
		"has_gcredit":"false",
		"fee_amount":"0",
		"biller_type":"14.5683299,121.0767063"
	},
	{
		"name":"Ybel Store",
		"payment_date":"19 C.Raymundo Avenue Rosario City Of Pasig Metro Manila",
		"has_gcredit":"false",
		"fee_amount":"0",
		"biller_type":"14.588579,121.089188"
	},
	{
		"name":"Ribeval Ceven Bakeshop",
		"payment_date":" Purok Tambis 1 Brgy. Inoburan City of Naga Cebu Inoburan City Of Naga Cebu",
		"has_gcredit":"false",
		"fee_amount":"0",
		"biller_type":"10.196786,123.7364055"
	},
	{
		"name":"A and E Refreshment and Snack house",
		"payment_date":" Sitio Kagudoy Basak City Of Lapu-Lapu (Opon) Cebu",
		"has_gcredit":"false",
		"fee_amount":"0",
		"biller_type":"10.2911861,123.9679938"
	},
	{
		"name":"3j sari-sari store",
		"payment_date":" Katangkungan Uno Basak Pardo, C.C. Basak Pardo City Of Cebu (Capital) Cebu",
		"has_gcredit":"false",
		"fee_amount":"0",
		"biller_type":"10.2853307,123.8651275"
	},
	{
		"name":"GTBP LAUNDRY SERVICES ",
		"payment_date":"12 Stella Maris avenue Maybunga City Of Pasig Metro Manila",
		"has_gcredit":"false",
		"fee_amount":"0",
		"biller_type":"14.5770696,121.0831429"
	},
	{
		"name":"ANGELFLOR TRADING & SERVICES",
		"payment_date":" ML QUEZON NATIONAL HIGWAY Pusok City Of Lapu-Lapu (Opon) Cebu",
		"has_gcredit":"false",
		"fee_amount":"0",
		"biller_type":"10.3231376,123.9715046"
	},
	{
		"name":"Mingbee",
		"payment_date":" Filtersite street Tisa City Of Cebu (Capital) Cebu",
		"has_gcredit":"false",
		"fee_amount":"0",
		"biller_type":"10.3036832,123.8622336"
	},
	{
		"name":"bing's store",
		"payment_date":" blk.16 lot 3 amparo gate 3 Barangay 179 City Of Caloocan Metro Manila",
		"has_gcredit":"false",
		"fee_amount":"0",
		"biller_type":"14.7544908,121.0765048"
	},
	{
		"name":"HAVA MEALS",
		"payment_date":" PUROK 1 Catol Candelaria Zambales",
		"has_gcredit":"false",
		"fee_amount":"0",
		"biller_type":"15.6182707,119.9364694"
	},
	{
		"name":"St. Vincent Pharmacy",
		"payment_date":" Barlin street Poblacion Tigaon Camarines Sur",
		"has_gcredit":"false",
		"fee_amount":"0",
		"biller_type":"13.633605,123.4975538"
	},
	{
		"name":"Mapa store",
		"payment_date":" Lanzones street Bonbon Libon Albay",
		"has_gcredit":"false",
		"fee_amount":"0",
		"biller_type":"13.2853369,123.39069"
	},
	{
		"name":"Marichu store",
		"payment_date":"76 sampaguita Santolan City Of Pasig Metro Manila",
		"has_gcredit":"false",
		"fee_amount":"0",
		"biller_type":"14.6130735,121.0879674"
	},
	{
		"name":"Bengie store",
		"payment_date":"56 makabuhay San Isidro Taytay Rizal",
		"has_gcredit":"false",
		"fee_amount":"0",
		"biller_type":"14.5790336,121.1388568"
	},
	{
		"name":"COCOY SARI-SARI STORE",
		"payment_date":" Matumbo Pusok City Of Lapu-Lapu (Opon) Cebu",
		"has_gcredit":"false",
		"fee_amount":"0",
		"biller_type":"10.3198121,123.9738525"
	},
	{
		"name":"LZ Pathway Bills Payment Services",
		"payment_date":" B25 L3 Camella Trece Cabuco City Of Trece Martires (Capital) Cavite",
		"has_gcredit":"false",
		"fee_amount":"0",
		"biller_type":"14.2797967,120.8555304"
	},
	{
		"name":"Beth store",
		"payment_date":"339 west bnk road Maybunga City Of Pasig Metro Manila",
		"has_gcredit":"false",
		"fee_amount":"0",
		"biller_type":"14.5805491,121.0952382"
	},
	{
		"name":"HANNAH STORE",
		"payment_date":" LOT 367 SITIO SABUTAN Muzon Taytay Rizal",
		"has_gcredit":"false",
		"fee_amount":"0",
		"biller_type":"14.5486438,121.1445476"
	},
	{
		"name":"Bings store",
		"payment_date":" blk 8 lot 13 upper masikap San Jose (Pob.) City Of Antipolo (Capital) Rizal",
		"has_gcredit":"false",
		"fee_amount":"0",
		"biller_type":"14.5899067,121.206196"
	},
	{
		"name":"KAYDAV STORE",
		"payment_date":"2531 Westbank Rd.,Floodway Rosario City Of Pasig Metro Manila",
		"has_gcredit":"false",
		"fee_amount":"0",
		"biller_type":"14.5912343,121.0918737"
	},
	{
		"name":"TINA AND ELVIE STORE",
		"payment_date":" Zone 2 125 Baras, canaman camarines sur Baras (Pob.) Canaman Camarines Sur",
		"has_gcredit":"false",
		"fee_amount":"0",
		"biller_type":"13.6525053,123.1738071"
	},
	{
		"name":"AC3 STORE",
		"payment_date":" Phase3 block27 LOT22 southville3 brgy poblacion MUNTINLUPA CITY Poblacion City Of Muntinlupa Metro Manila",
		"has_gcredit":"false",
		"fee_amount":"0",
		"biller_type":"14.3729102,121.0217094"
	},
	{
		"name":"ROVICACE",
		"payment_date":"1047 Bolo bolo Quisao Pililla Rizal",
		"has_gcredit":"false",
		"fee_amount":"0",
		"biller_type":"14.4396147,121.3370074"
	},
	{
		"name":"stephanie",
		"payment_date":" pinesview San Isidro Taytay Rizal",
		"has_gcredit":"false",
		"fee_amount":"0",
		"biller_type":"14.5790336,121.1388568"
	},
	{
		"name":"LZ Pathway Convenience Store",
		"payment_date":" B74 L10 Phase 3 La Trinidad Subd. Cabuco City Of Trece Martires (Capital) Cavite",
		"has_gcredit":"false",
		"fee_amount":"0",
		"biller_type":"14.2774087,120.8543365"
	},
	{
		"name":"JASMARDREIKING SARI-SARI STORE",
		"payment_date":" A Paz St Bagumbayan (Pob.) Pililla Rizal",
		"has_gcredit":"false",
		"fee_amount":"0",
		"biller_type":"14.4788543,121.3129424"
	},
	{
		"name":"Golden Mikaella Sari Sari Store",
		"payment_date":" Stall 4 at Joseph drive at Joseph subdivision Santo Domingo Cainta Rizal",
		"has_gcredit":"false",
		"fee_amount":"0",
		"biller_type":"14.5902042,121.1039936"
	},
	{
		"name":"D.M Briones ",
		"payment_date":"100  P Rojas Poblacion West Ocampo Camarines Sur",
		"has_gcredit":"false",
		"fee_amount":"0",
		"biller_type":"13.558204,123.3745633"
	},
	{
		"name":"Wil general merchandise",
		"payment_date":"0002 (2E) Ballast st. Meralco village lias  marilao bulacan Lias Marilao Bulacan",
		"has_gcredit":"false",
		"fee_amount":"0",
		"biller_type":"14.7585171,120.9630135"
	},
	{
		"name":"sonia's store",
		"payment_date":"693 mrr st pineda pasig Pineda City Of Pasig Metro Manila",
		"has_gcredit":"false",
		"fee_amount":"0",
		"biller_type":"14.5653432,121.058956"
	},
	{
		"name":"rich store",
		"payment_date":"118 masikap st  Santolan City Of Pasig Metro Manila",
		"has_gcredit":"false",
		"fee_amount":"0",
		"biller_type":"14.6105877,121.0880786"
	},
	{
		"name":"Joan's store",
		"payment_date":" Blk 6 lot 50 phase 2 Eastwood greenview San Isidro Rodriguez (Montalban) Rizal",
		"has_gcredit":"false",
		"fee_amount":"0",
		"biller_type":"14.7424069,121.162605"
	},
	{
		"name":"Margaux store",
		"payment_date":"662 velasco avenue Manggahan City Of Pasig Metro Manila",
		"has_gcredit":"false",
		"fee_amount":"0",
		"biller_type":"14.5954728,121.0933011"
	},
	{
		"name":"Rebecca store",
		"payment_date":" Block 19 lot 49 manchester Manggahan City Of Pasig Metro Manila",
		"has_gcredit":"false",
		"fee_amount":"0",
		"biller_type":"14.5982789,121.0996968"
	},
	{
		"name":"R.C Navarro sari sari store",
		"payment_date":" Sitio lower tulaken Bagong Nayon City Of Antipolo (Capital) Rizal",
		"has_gcredit":"false",
		"fee_amount":"0",
		"biller_type":"14.6277723,121.1670417"
	},
	{
		"name":"KIM STORE",
		"payment_date":"34 BANAAG ST.  Pineda City Of Pasig Metro Manila",
		"has_gcredit":"false",
		"fee_amount":"0",
		"biller_type":"14.5640939,121.063712"
	},
	{
		"name":"JASMIN STORE",
		"payment_date":" SITIO BUKAL Tandang Kutyo (Pob.) Tanay Rizal",
		"has_gcredit":"false",
		"fee_amount":"0",
		"biller_type":"14.5374987,121.3026883"
	},
	{
		"name":"Lj",
		"payment_date":" Blk9 lot3 balubad settlement phase 2 Nangka City Of Marikina Metro Manila",
		"has_gcredit":"false",
		"fee_amount":"0",
		"biller_type":"14.6659971,121.1018353"
	},
	{
		"name":"Raf store",
		"payment_date":" Oakville White Plains Quezon City Metro Manila",
		"has_gcredit":"false",
		"fee_amount":"0",
		"biller_type":"14.6104068,121.0737018"
	},
	{
		"name":"Jhai Jhea Store",
		"payment_date":"2975 v rama Guadalupe cebu city Guadalupe City Of Cebu (Capital) Cebu",
		"has_gcredit":"false",
		"fee_amount":"0",
		"biller_type":"10.3255759,123.8828713"
	},
	{
		"name":"JAS Store",
		"payment_date":" Guimaras street, upper paredes Zone IV (Pob.) City Of Koronadal (Capital) South Cotabato",
		"has_gcredit":"false",
		"fee_amount":"0",
		"biller_type":"6.4759827,124.833441"
	},
	{
		"name":"ARLENE S. TULIO SARI-SARI STORE",
		"payment_date":" MALIGAYA STREET PUROK 4 BULAON Bulaon City Of San Fernando (Capital) Pampanga",
		"has_gcredit":"false",
		"fee_amount":"0",
		"biller_type":"15.0802159,120.6557248"
	},
	{
		"name":"Elvies digital business center",
		"payment_date":" Blk8 lot66 grand acacia grove subd. Banaybanay City Of Cabuyao Laguna",
		"has_gcredit":"false",
		"fee_amount":"0",
		"biller_type":"14.2550305,121.1266458"
	},
	{
		"name":"Maria store",
		"payment_date":"148 mapayapa st rowenas garden Dolores (Pob.) Taytay Rizal",
		"has_gcredit":"false",
		"fee_amount":"0",
		"biller_type":"14.5797839,121.1470603"
	},
	{
		"name":"cuevas store",
		"payment_date":"626 sunflower st dalig 1 brgy dalig antipolo city Dalig City Of Antipolo (Capital) Rizal",
		"has_gcredit":"false",
		"fee_amount":"0",
		"biller_type":"14.5729234,121.1864984"
	},
	{
		"name":"Derbie store",
		"payment_date":"171 aida street marick subdividion Santo Domingo Cainta Rizal",
		"has_gcredit":"false",
		"fee_amount":"0",
		"biller_type":"14.5822285,121.1136928"
	},
	{
		"name":"3'Ms Store",
		"payment_date":" #103-F Horna Street San Isidro (Pob.) Magarao Camarines Sur",
		"has_gcredit":"false",
		"fee_amount":"0",
		"biller_type":"13.6607914,123.1899671"
	},
	{
		"name":"OHOHVIEL Loading Centre",
		"payment_date":" Block 25 Lot 3 Atis St. Phase 1A San Lorenzo South Malitlit City Of Santa Rosa Laguna",
		"has_gcredit":"false",
		"fee_amount":"0",
		"biller_type":"14.266336,121.104738"
	},
	{
		"name":"PEREZ-DIZA GENERAL MERCHANDIZE",
		"payment_date":" Blk. 13, Lot 48, Purok Tagumpay Bagong Nayon City Of Antipolo (Capital) Rizal",
		"has_gcredit":"false",
		"fee_amount":"0",
		"biller_type":"14.6217082,121.1773027"
	},
	{
		"name":"Jack printing shop",
		"payment_date":" B37 l3 s13 ph2 pabahay 2000 Muzon City Of San Jose Del Monte Bulacan",
		"has_gcredit":"false",
		"fee_amount":"0",
		"biller_type":"14.8142626,121.072532"
	},
	{
		"name":"Arianne bakery/store",
		"payment_date":" Blk50 sitio batasin brgy sanjuan taytay rizal San Juan Taytay Rizal",
		"has_gcredit":"false",
		"fee_amount":"0",
		"biller_type":"14.5617384,121.1339637"
	},
	{
		"name":"Mabel's Store",
		"payment_date":" P1 B5 L11 RIVIERA HEIGHTS SUBDIVISION Labas City Of Santa Rosa Laguna",
		"has_gcredit":"false",
		"fee_amount":"0",
		"biller_type":"14.3074308,121.1059086"
	},
	{
		"name":"Maricar Store",
		"payment_date":" B19 L3 Purok 2 Hapay na mangga mcdo village Dolores (Pob.) Taytay Rizal",
		"has_gcredit":"false",
		"fee_amount":"0",
		"biller_type":"14.5700388,121.1550345"
	},
	{
		"name":"AKI and Pie Sari Sari Store",
		"payment_date":" B 45 L 9 Providence Negros Subd Granada City Of Bacolod (Capital) Negros Occidental",
		"has_gcredit":"false",
		"fee_amount":"0",
		"biller_type":"10.6713397,122.9510716"
	},
	{
		"name":"Elijah's Sari - Sari Store",
		"payment_date":" Prk.3 Montilebano St. Granada City Of Bacolod (Capital) Negros Occidental",
		"has_gcredit":"false",
		"fee_amount":"0",
		"biller_type":"10.6680391,122.9789621"
	},
	{
		"name":"Majag sari sari store",
		"payment_date":" Blk 154 lot 21 ph1 Paliparan III City Of Dasmariñas Cavite",
		"has_gcredit":"false",
		"fee_amount":"0",
		"biller_type":"14.3142076,120.9933678"
	},
	{
		"name":"Elaiza's Store",
		"payment_date":"67 J. Sumulong Street San Roque (Pob.) City Of Antipolo (Capital) Rizal",
		"has_gcredit":"false",
		"fee_amount":"0",
		"biller_type":"14.5841454,121.1738522"
	},
	{
		"name":"Lenie's loading station",
		"payment_date":" Blk2 lot14 Asia 1 Canlubang calamba laguna Canlubang City Of Calamba Laguna",
		"has_gcredit":"false",
		"fee_amount":"0",
		"biller_type":"14.1869747,121.1247233"
	},
	{
		"name":"MansJen Store",
		"payment_date":"812 tres de abril street Labangon City Of Cebu (Capital) Cebu",
		"has_gcredit":"false",
		"fee_amount":"0",
		"biller_type":"10.2973898,123.8787926"
	},
	{
		"name":"Anecito A. Aguinod (Sari-sari Store)",
		"payment_date":" Purok Okra Dapdap Catarman Liloan Cebu",
		"has_gcredit":"false",
		"fee_amount":"0",
		"biller_type":"10.3680872,124.0014743"
	},
	{
		"name":"Agnes store",
		"payment_date":"35 san agustin st. Capitol 8 pasig city Kapitolyo City Of Pasig Metro Manila",
		"has_gcredit":"false",
		"fee_amount":"0",
		"biller_type":"14.5649464,121.0626219"
	},
	{
		"name":"Momshie Arts and Crafts Trading",
		"payment_date":" Paterno Poblacion City Of Balanga (Capital) Bataan",
		"has_gcredit":"false",
		"fee_amount":"0",
		"biller_type":"14.6776922,120.5419328"
	},
	{
		"name":"Flets MOMAY Store",
		"payment_date":" Blk 36 Sitio Lumang Ilog San Juan Taytay Rizal",
		"has_gcredit":"false",
		"fee_amount":"0",
		"biller_type":"14.5427295,121.1222562"
	},
	{
		"name":"chienie store",
		"payment_date":"27 j2 m,borja ext Dolores (Pob.) Taytay Rizal",
		"has_gcredit":"false",
		"fee_amount":"0",
		"biller_type":"14.5679469,121.1371986"
	},
	{
		"name":"Bhel Sari-Sari Store",
		"payment_date":" orchid st Mabuco Hermosa Bataan",
		"has_gcredit":"false",
		"fee_amount":"0",
		"biller_type":"14.824828,120.5109537"
	},
	{
		"name":"Wengs store",
		"payment_date":" E. Unida  Lunsad Binangonan Rizal",
		"has_gcredit":"false",
		"fee_amount":"0",
		"biller_type":"14.4599697,121.1956465"
	},
	{
		"name":"Rodel sari sari store",
		"payment_date":" Sitio Tangke Kitang 2 & Luz Limay Bataan",
		"has_gcredit":"false",
		"fee_amount":"0",
		"biller_type":"14.5450367,120.5940988"
	},
	{
		"name":"EMMIE STORE",
		"payment_date":" SANTOS SANTOS STREET Wawa (Pob.) Tanay Rizal",
		"has_gcredit":"false",
		"fee_amount":"0",
		"biller_type":"14.4924379,121.2853072"
	},
	{
		"name":"Lenneth Variety store",
		"payment_date":"783 Gsis St. Guinayang San Mateo Rizal",
		"has_gcredit":"false",
		"fee_amount":"0",
		"biller_type":"14.707411,121.1318617"
	},
	{
		"name":"PATRON BRENDA C",
		"payment_date":"696 lupang pari  San Miguel City Of Pasig Metro Manila",
		"has_gcredit":"false",
		"fee_amount":"0",
		"biller_type":"14.5652903,121.0886779"
	},
	{
		"name":"Canlas Sari-sari Store",
		"payment_date":" Blk 14 Lot 20 Satelliteville  Conchu (Lagundian) City Of Trece Martires (Capital) Cavite",
		"has_gcredit":"false",
		"fee_amount":"0",
		"biller_type":"14.24805,120.8843694"
	},
	{
		"name":"Buko store",
		"payment_date":" Sitio 2 Bahay Pare Candaba Pampanga",
		"has_gcredit":"false",
		"fee_amount":"0",
		"biller_type":"14.9969926,120.735462"
	},
	{
		"name":"AISA ABARQUEZ",
		"payment_date":" JM CATOLOS STREET Katipunan-Bayan (Pob.) Tanay Rizal",
		"has_gcredit":"false",
		"fee_amount":"0",
		"biller_type":"14.5002862,121.2851641"
	},
	{
		"name":"Sherryl Jarin Store",
		"payment_date":" Maligaya St. Madilay-dilay Tanay Rizal",
		"has_gcredit":"false",
		"fee_amount":"0",
		"biller_type":"14.5646842,121.4414451"
	},
	{
		"name":"MEGS Sari Sari Store",
		"payment_date":" Blk 8 lot 1 carlton subdivision Dita City Of Santa Rosa Laguna",
		"has_gcredit":"false",
		"fee_amount":"0",
		"biller_type":"14.2913864,121.1168667"
	},
	{
		"name":"Rein Store",
		"payment_date":" Blk 74 Lot 19 Nuvista San jose Santo Cristo City Of San Jose Del Monte Bulacan",
		"has_gcredit":"false",
		"fee_amount":"0",
		"biller_type":"14.8124017,121.0788603"
	},
	{
		"name":"JOSEPHINE STORE",
		"payment_date":" Sewage Pusok City Of Lapu-Lapu (Opon) Cebu",
		"has_gcredit":"false",
		"fee_amount":"0",
		"biller_type":"10.3171954,123.9696659"
	},
	{
		"name":"PIKAT SARI-SARI STORE",
		"payment_date":"30-B SITIO SADUCO, SPOLARIUM ST., BARANGAY DULJO-FATIMA CEBU CITY Duljo (Pob.) City Of Cebu (Capital) Cebu",
		"has_gcredit":"false",
		"fee_amount":"0",
		"biller_type":"10.2916086,123.8846972"
	},
	{
		"name":"Raprap's Padala & Bills Payment Center",
		"payment_date":" Purok 1 Palili Samal Bataan",
		"has_gcredit":"false",
		"fee_amount":"0",
		"biller_type":"14.7474107,120.4429644"
	},
	{
		"name":"Alba Store",
		"payment_date":"202 Pacamara St. Commonwealth Quezon City Metro Manila",
		"has_gcredit":"false",
		"fee_amount":"0",
		"biller_type":"14.7004152,121.086059"
	},
	{
		"name":"Jowelyn Store ",
		"payment_date":"2558 F Cequeña St. Macamot Binangonan Rizal",
		"has_gcredit":"false",
		"fee_amount":"0",
		"biller_type":"14.4881673,121.1979411"
	},
	{
		"name":"Edith Store",
		"payment_date":"1246 Katipunan st. Calumpang Binangonan Rizal",
		"has_gcredit":"false",
		"fee_amount":"0",
		"biller_type":"14.4773761,121.1902543"
	},
	{
		"name":"RedRosy beauty products shop",
		"payment_date":" MURCIA Natl,road Mansilingan City Of Bacolod (Capital) Negros Occidental",
		"has_gcredit":"false",
		"fee_amount":"0",
		"biller_type":"10.6234413,122.9831998"
	},
	{
		"name":"BEINY"S CONVENIENCE STORE ",
		"payment_date":" B1 L2 Eastview homes 1  San Roque (Pob.) City Of Antipolo (Capital) Rizal",
		"has_gcredit":"false",
		"fee_amount":"0",
		"biller_type":"14.5657727,121.1756431"
	},
	{
		"name":"Caressa Store",
		"payment_date":" H-3-4 Tropical Village San Francisco City Of General Trias Cavite",
		"has_gcredit":"false",
		"fee_amount":"0",
		"biller_type":"14.3047889,120.9177653"
	},
	{
		"name":"Elsa Sari Sari Store",
		"payment_date":" Kwagu St. Sta Clara Subd Ambuclao Ibayo City Of Balanga (Capital) Bataan",
		"has_gcredit":"false",
		"fee_amount":"0",
		"biller_type":"14.687015,120.5371489"
	},
	{
		"name":"DVM WATER REFILLING STATION",
		"payment_date":" PHASE1 SITIO MATALVIS Inhobol Masinloc Zambales",
		"has_gcredit":"false",
		"fee_amount":"0",
		"biller_type":"15.5230546,119.9624603"
	},
	{
		"name":"Syra store",
		"payment_date":"101 banaag  street Pineda City Of Pasig Metro Manila",
		"has_gcredit":"false",
		"fee_amount":"0",
		"biller_type":"14.5652491,121.060589"
	},
	{
		"name":"SSR Store",
		"payment_date":" Blk 128 Lot 25 Bulaon Resettlement Bulaon City Of San Fernando (Capital) Pampanga",
		"has_gcredit":"false",
		"fee_amount":"0",
		"biller_type":"15.0832312,120.6641034"
	},
	{
		"name":"TDA STORE",
		"payment_date":"495 Santiago Malvar Batangas",
		"has_gcredit":"false",
		"fee_amount":"0",
		"biller_type":"14.0143346,121.162448"
	},
	{
		"name":"KIDS GENERAL MERCHANDISE",
		"payment_date":" Nasipit talamban cebu city Talamban City Of Cebu (Capital) Cebu",
		"has_gcredit":"false",
		"fee_amount":"0",
		"biller_type":"10.3587001,123.9143282"
	},
	{
		"name":"Purple pink beauty and wellness shop",
		"payment_date":" Arimas st. Zone III (Pob.) Murcia Negros Occidental",
		"has_gcredit":"false",
		"fee_amount":"0",
		"biller_type":"10.6087333,123.0433757"
	},
	{
		"name":"BERTLOI STORE",
		"payment_date":"0023 12th St. Dona Juana Vill.  Palao City Of Iligan Lanao Del Norte",
		"has_gcredit":"false",
		"fee_amount":"0",
		"biller_type":"8.2260135,124.2539601"
	},
	{
		"name":"SIS PHARMACY AND CONVENIENCE STORE",
		"payment_date":" Boa drive San Jose Cawa-cawa City Of Zamboanga Zamboanga Del Sur",
		"has_gcredit":"false",
		"fee_amount":"0",
		"biller_type":"6.911847,122.0652791"
	},
	{
		"name":"ARJENN Store",
		"payment_date":" Sitio Kamagong / Sitio Mahogany Santa Lucia Dolores Quezon",
		"has_gcredit":"false",
		"fee_amount":"0",
		"biller_type":"14.0338292,121.4306743"
	},
	{
		"name":"FOH-K TRADING",
		"payment_date":" Rosario Rizal (Poblacion) Lopez Quezon",
		"has_gcredit":"false",
		"fee_amount":"0",
		"biller_type":"13.8830233,122.26026"
	},
	{
		"name":"Con Sinio",
		"payment_date":"259 Camarin B New Public Market Del Pilar City Of San Fernando (Capital) Pampanga",
		"has_gcredit":"false",
		"fee_amount":"0",
		"biller_type":"15.0255952,120.7001699"
	},
	{
		"name":"TAT'S SPECIAL BARBECUE",
		"payment_date":" GOVERNOR CAMINS AVENUE  Canelar City Of Zamboanga Zamboanga Del Sur",
		"has_gcredit":"false",
		"fee_amount":"0",
		"biller_type":"6.9189198,122.065072"
	},
	{
		"name":"ROWELL'S SARI SARI STORE",
		"payment_date":" Purok 5 Santa Lucia City Of San Fernando (Capital) Pampanga",
		"has_gcredit":"false",
		"fee_amount":"0",
		"biller_type":"15.0229477,120.6933177"
	},
	{
		"name":"BVH3 Cosmetics Product Traiding",
		"payment_date":" Camague Street Tominobo Proper City Of Iligan Lanao Del Norte",
		"has_gcredit":"false",
		"fee_amount":"0",
		"biller_type":"8.2124032,124.2271047"
	},
	{
		"name":"Saint Francis mini hardware",
		"payment_date":" P.OLETA ST.WAWA  Wawa (Pob.) Pililla Rizal",
		"has_gcredit":"false",
		"fee_amount":"0",
		"biller_type":"14.470611,121.322579"
	},
	{
		"name":"Tiger bills",
		"payment_date":"0294 Pinasling (Pinasung) Gerona Tarlac",
		"has_gcredit":"false",
		"fee_amount":"0",
		"biller_type":"15.6027112,120.5940988"
	},
	{
		"name":"Palmiano Store",
		"payment_date":" Zone 2, San Isidro Palestina Pili (Capital) Camarines Sur",
		"has_gcredit":"false",
		"fee_amount":"0",
		"biller_type":"-34.470829,-58.5286102"
	},
	{
		"name":"I c Lacson Pharmacy",
		"payment_date":" D 11 san francisco Santa Teresita City Of Angeles Pampanga",
		"has_gcredit":"false",
		"fee_amount":"0",
		"biller_type":"15.1498094,120.6185065"
	},
	{
		"name":"Lagason sarisari store",
		"payment_date":"10434 pinakad rd. Cent'l2 Nagpayong Pinagbuhatan Pasig  Pinagbuhatan City Of Pasig Metro Manila",
		"has_gcredit":"false",
		"fee_amount":"0",
		"biller_type":"14.5458222,121.1012038"
	},
	{
		"name":"Cleoren Rtw Store",
		"payment_date":" blk18 lot13 phase A Istana Subdivisionsion Malagasang I-F City Of Imus Cavite",
		"has_gcredit":"false",
		"fee_amount":"0",
		"biller_type":"14.3808551,120.9291344"
	},
	{
		"name":"2SISTERS STORE ",
		"payment_date":" Blk14 lot26 13th ave suburbia east subd Parang Marikina  Parang City Of Marikina Metro Manila",
		"has_gcredit":"false",
		"fee_amount":"0",
		"biller_type":"14.6545353,121.1070466"
	},
	{
		"name":"GLC SARI SARI STORE",
		"payment_date":"0001 M A Roxas Street Bagumbayan (Pob.) Pililla Rizal",
		"has_gcredit":"false",
		"fee_amount":"0",
		"biller_type":"14.4812358,121.3080493"
	},
	{
		"name":"Jell Store",
		"payment_date":"872 J. Sta Catalina St. San Juan (Pob.) Morong Rizal",
		"has_gcredit":"false",
		"fee_amount":"0",
		"biller_type":"14.5403113,121.2311579"
	},
	{
		"name":"Six fourty two sari sari store ",
		"payment_date":"3rd street, 6/42,RVC De Ocampo City Of Trece Martires (Capital) Cavite",
		"has_gcredit":"false",
		"fee_amount":"0",
		"biller_type":"14.2999777,120.8585076"
	},
	{
		"name":"tes store",
		"payment_date":" Sitio tanag san jose antipolo city San Jose (Pob.) City Of Antipolo (Capital) Rizal",
		"has_gcredit":"false",
		"fee_amount":"0",
		"biller_type":"14.5854141,121.2077891"
	},
	{
		"name":"Dories store",
		"payment_date":"252 magsaysay blvd Santiago Baras Rizal",
		"has_gcredit":"false",
		"fee_amount":"0",
		"biller_type":"14.5149646,121.2655908"
	},
	{
		"name":"Rein makcolet sari sari store",
		"payment_date":" National highway  Paciano Rizal City Of Calamba Laguna",
		"has_gcredit":"false",
		"fee_amount":"0",
		"biller_type":"14.2204469,121.1393586"
	},
	{
		"name":"Rasper store",
		"payment_date":" Phase 4 blk6 Lt 242 centella homes San Isidro Rodriguez (Montalban) Rizal",
		"has_gcredit":"false",
		"fee_amount":"0",
		"biller_type":"14.7524198,121.1612375"
	},
	{
		"name":"cesmar",
		"payment_date":" excequille Concepcion Uno City Of Marikina Metro Manila",
		"has_gcredit":"false",
		"fee_amount":"0",
		"biller_type":"14.6496658,121.1058753"
	},
	{
		"name":"Ann Montealegre",
		"payment_date":" Arellano st. Halayhayin Pililla Rizal",
		"has_gcredit":"false",
		"fee_amount":"0",
		"biller_type":"14.4791689,121.3484448"
	},
	{
		"name":"ASPECTO LOADING BILLS PAYMENT AND REMITTANCE CENTER",
		"payment_date":" BLOCK 7 LOT 4 ZAMORA STREET LITEX VILLAGE San Jose Rodriguez (Montalban) Rizal",
		"has_gcredit":"false",
		"fee_amount":"0",
		"biller_type":"14.7376919,121.1295922"
	},
	{
		"name":"RONZ ESERVICES",
		"payment_date":" Purok Cadena De Amor Poblacion Tantangan South Cotabato",
		"has_gcredit":"false",
		"fee_amount":"0",
		"biller_type":"6.609956,124.7463034"
	},
	{
		"name":"JAHSEEL SARISARI STORE",
		"payment_date":" Blk 48 Lt 217 Southville 1 Niugan City Of Cabuyao Laguna",
		"has_gcredit":"false",
		"fee_amount":"0",
		"biller_type":"14.2630002,121.1383386"
	},
	{
		"name":"Serrano",
		"payment_date":" Purok 30 zone 5 villa Guido voting Francisco Mahabang Parang Angono Rizal",
		"has_gcredit":"false",
		"fee_amount":"0",
		"biller_type":"14.5566165,121.1838555"
	},
	{
		"name":"morong mobile service",
		"payment_date":" tomas claudio st. San Juan (Pob.) Morong Rizal",
		"has_gcredit":"false",
		"fee_amount":"0",
		"biller_type":"14.524166,121.240833"
	},
	{
		"name":"ML3 Minimart",
		"payment_date":" Blk 1 lot 2 Apalit Floridablanca Pampanga",
		"has_gcredit":"false",
		"fee_amount":"0",
		"biller_type":"14.9608769,120.7582088"
	},
	{
		"name":"Jomich store",
		"payment_date":"810 Mayumi Santa Rita City Of Olongapo Zambales",
		"has_gcredit":"false",
		"fee_amount":"0",
		"biller_type":"14.8519185,120.2898948"
	},
	{
		"name":"Sharon store",
		"payment_date":"2139 VELASCO AVENUE napico Manggahan City Of Pasig Metro Manila",
		"has_gcredit":"false",
		"fee_amount":"0",
		"biller_type":"14.596833,121.0934567"
	},
	{
		"name":"SAMZ PAYMENT CENTER",
		"payment_date":" Cedar street Langkiwa City Of Biñan Laguna",
		"has_gcredit":"false",
		"fee_amount":"0",
		"biller_type":"14.2961505,121.0619338"
	},
	{
		"name":"Johnkeith general merchandise",
		"payment_date":" Angeles Cavinitan Virac (Capital) Catanduanes",
		"has_gcredit":"false",
		"fee_amount":"0",
		"biller_type":"13.5780577,124.2004683"
	},
	{
		"name":"New Rowenson Bread Center and Grocery",
		"payment_date":" Beside 7/11 convenience Store Poblacion Central Ocampo Camarines Sur",
		"has_gcredit":"false",
		"fee_amount":"0",
		"biller_type":"13.5602455,123.3756151"
	},
	{
		"name":"Shelan Store",
		"payment_date":" Purok 1 Valencia Virac (Capital) Catanduanes",
		"has_gcredit":"false",
		"fee_amount":"0",
		"biller_type":"13.5847739,124.1893473"
	},
	{
		"name":"Alexa's store",
		"payment_date":" Abrenica st. General Paulino Santos (Bo. 1) City Of Koronadal (Capital) South Cotabato",
		"has_gcredit":"false",
		"fee_amount":"0",
		"biller_type":"6.5062475,124.8508137"
	},
	{
		"name":"EXTREMER SARI SARI STORE",
		"payment_date":" ER Eastwood Subd San Isidro Rodriguez (Montalban) Rizal",
		"has_gcredit":"false",
		"fee_amount":"0",
		"biller_type":"14.7413956,121.1591868"
	},
	{
		"name":"Peter store",
		"payment_date":" Blk26Lot44 Palmayo Floridablanca Pampanga",
		"has_gcredit":"false",
		"fee_amount":"0",
		"biller_type":"14.9978057,120.4847242"
	},
	{
		"name":"DCM Homebased All in 1 Store",
		"payment_date":"116 Dr. Sixto Antonio Ave.  Maybunga, Pasig City  Maybunga City Of Pasig Metro Manila",
		"has_gcredit":"false",
		"fee_amount":"0",
		"biller_type":"14.5766862,121.0805927"
	},
	{
		"name":"NJMA  store",
		"payment_date":" Psalm st blk3 lot 19 Dela Paz (Pob.) City Of Antipolo (Capital) Rizal",
		"has_gcredit":"false",
		"fee_amount":"0",
		"biller_type":"14.5882229,121.1750503"
	},
	{
		"name":"Alybrix2012",
		"payment_date":" Baraca Baraca-Camachile (Pob.) Subic Zambales",
		"has_gcredit":"false",
		"fee_amount":"0",
		"biller_type":"14.892347,120.2426185"
	},
	{
		"name":"Citas store",
		"payment_date":" Bartville street Dela Paz City Of Pasig Metro Manila",
		"has_gcredit":"false",
		"fee_amount":"0",
		"biller_type":"14.6132633,121.0927057"
	},
	{
		"name":"CZANE STORE",
		"payment_date":"87 kaolin st. Twin river subd. Parang marikina city Parang City Of Marikina Metro Manila",
		"has_gcredit":"false",
		"fee_amount":"0",
		"biller_type":"14.6657357,121.1105089"
	},
	{
		"name":"R623 cafe Bistro",
		"payment_date":" Arceo drive cor.pluto ext.hillside subd. Mansilingan City Of Bacolod (Capital) Negros Occidental",
		"has_gcredit":"false",
		"fee_amount":"0",
		"biller_type":"10.6269444,122.9701242"
	},
	{
		"name":"GA Mae Beauty and wellness products store",
		"payment_date":" Blk 97 34 pag ibig golden horizon villas p.1  Perez (Lucbanan) City Of Trece Martires (Capital) Cavite",
		"has_gcredit":"false",
		"fee_amount":"0",
		"biller_type":"14.2967353,120.888192"
	},
	{
		"name":"ONE STOP MINI GROCERY",
		"payment_date":" Purok 4 San Roque Dau Lubao Pampanga",
		"has_gcredit":"false",
		"fee_amount":"0",
		"biller_type":"14.973817,120.5768354"
	},
	{
		"name":"Jenna's store",
		"payment_date":" Sabana street  Castellano San Leonardo Nueva Ecija",
		"has_gcredit":"false",
		"fee_amount":"0",
		"biller_type":"15.3247103,120.9446058"
	},
	{
		"name":"KHYMPZ BILLS PAYMENT AND REMITTANCE CENTER",
		"payment_date":" Block 10 Lot 1 Phase 1 Calulut City Of San Fernando (Capital) Pampanga",
		"has_gcredit":"false",
		"fee_amount":"0",
		"biller_type":"15.0886997,120.6634904"
	},
	{
		"name":"Mamengs store",
		"payment_date":" Soliven Nangka City Of Marikina Metro Manila",
		"has_gcredit":"false",
		"fee_amount":"0",
		"biller_type":"14.6646823,121.1082636"
	},
	{
		"name":"Ronz Sari Sari Store",
		"payment_date":" Zone 3 Sala City Of Tanauan Batangas",
		"has_gcredit":"false",
		"fee_amount":"0",
		"biller_type":"14.1072616,121.1151868"
	},
	{
		"name":"Jullie's mini store",
		"payment_date":"793 Llano road (Dolmar golden hills subd main gate) Barangay 167 City Of Caloocan Metro Manila",
		"has_gcredit":"false",
		"fee_amount":"0",
		"biller_type":"14.7290789,121.0224929"
	},
	{
		"name":"Angels Store",
		"payment_date":"253 Dao St. Marikina Heights (Concepcion) City Of Marikina Metro Manila",
		"has_gcredit":"false",
		"fee_amount":"0",
		"biller_type":"14.6535414,121.1198086"
	},
	{
		"name":"E.R.B STORE",
		"payment_date":"234 purok silangan baranggay delapaz Antipolo city Dela Paz (Pob.) City Of Antipolo (Capital) Rizal",
		"has_gcredit":"false",
		"fee_amount":"0",
		"biller_type":"14.5888642,121.1750767"
	},
	{
		"name":"Abestore",
		"payment_date":" M.A Roxas Bagumbayan (Pob.) Pililla Rizal",
		"has_gcredit":"false",
		"fee_amount":"0",
		"biller_type":"14.4780638,121.3122536"
	},
	{
		"name":"April Store",
		"payment_date":" Blk 1 Lot 3 Santorini Estates Calumpang Binangonan Rizal",
		"has_gcredit":"false",
		"fee_amount":"0",
		"biller_type":"14.5351807,121.0757906"
	},
	{
		"name":"Ynj store",
		"payment_date":" Montelibano st. Granada City Of Bacolod (Capital) Negros Occidental",
		"has_gcredit":"false",
		"fee_amount":"0",
		"biller_type":"7.976803,-75.417209"
	},
	{
		"name":"Guanzon Store",
		"payment_date":" BLK 1 GUANZON VILLAGE Morales City Of Koronadal (Capital) South Cotabato",
		"has_gcredit":"false",
		"fee_amount":"0",
		"biller_type":"6.4538502,124.879627"
	},
	{
		"name":"OMPOCO STORE",
		"payment_date":" Prk.3 Buru-un,Iligan City Buru-un City Of Iligan Lanao Del Norte",
		"has_gcredit":"false",
		"fee_amount":"0",
		"biller_type":"8.1824675,124.178225"
	},
	{
		"name":"B&G",
		"payment_date":"46 del carmen street Nangka City Of Marikina Metro Manila",
		"has_gcredit":"false",
		"fee_amount":"0",
		"biller_type":"14.6689961,121.1146706"
	},
	{
		"name":"Lucy's SARI SARI STORE",
		"payment_date":" Bulacan Street San Francisco San Antonio Nueva Ecija",
		"has_gcredit":"false",
		"fee_amount":"0",
		"biller_type":"14.7942735,120.8799008"
	},
	{
		"name":"SWEET VEE CONVENIENCE STORE",
		"payment_date":" Rizal st. Terra Plaza Barangay 11 (Pob.) City Of Bacolod (Capital) Negros Occidental",
		"has_gcredit":"false",
		"fee_amount":"0",
		"biller_type":"10.6695871,122.947735"
	},
	{
		"name":"Mayeth Store",
		"payment_date":"618 MRR ST. Pineda City Of Pasig Metro Manila",
		"has_gcredit":"false",
		"fee_amount":"0",
		"biller_type":"14.5635247,121.0616884"
	},
	{
		"name":"Joyus Grocery",
		"payment_date":" Blk 101 Lot 47 Calulut City Of San Fernando (Capital) Pampanga",
		"has_gcredit":"false",
		"fee_amount":"0",
		"biller_type":"15.0509057,120.6828698"
	},
	{
		"name":"JO- FRED- CARL",
		"payment_date":" Royal palm Lucban  Dela Paz (Pob.) City Of Antipolo (Capital) Rizal",
		"has_gcredit":"false",
		"fee_amount":"0",
		"biller_type":"14.6146634,121.1728662"
	},
	{
		"name":"Casin sari sari store",
		"payment_date":" Zone 3 Lanigay Polangui Albay",
		"has_gcredit":"false",
		"fee_amount":"0",
		"biller_type":"13.3180165,123.4747852"
	},
	{
		"name":"rhona's store",
		"payment_date":" ph9 pck5 blk55 lot34 bagong silang Barangay 176 City Of Caloocan Metro Manila",
		"has_gcredit":"false",
		"fee_amount":"0",
		"biller_type":"14.7802063,121.0416914"
	},
	{
		"name":"geanne store",
		"payment_date":" Margarita St. Barangay 40 (Pob.) City Of Bacolod (Capital) Negros Occidental",
		"has_gcredit":"false",
		"fee_amount":"0",
		"biller_type":"10.6590597,122.9510287"
	},
	{
		"name":"Daegamo 1987 refreshment stall",
		"payment_date":" Vera Street Sum-ag City Of Bacolod (Capital) Negros Occidental",
		"has_gcredit":"false",
		"fee_amount":"0",
		"biller_type":"10.6007459,122.926862"
	},
	{
		"name":"RONMARK VAREITY STORE",
		"payment_date":" B1 L2 Ph 3B Nha Ave.Brgy delapaz Antipolo  Dela Paz (Pob.) City Of Antipolo (Capital) Rizal",
		"has_gcredit":"false",
		"fee_amount":"0",
		"biller_type":"14.6207698,121.1766618"
	},
	{
		"name":"L.O. FERNANDEZ STORE",
		"payment_date":" VSU MARKET Pangasungan City Of Baybay Leyte",
		"has_gcredit":"false",
		"fee_amount":"0",
		"biller_type":"10.7423093,124.7944248"
	},
	{
		"name":"YCBW Gen. Mdse",
		"payment_date":" Mariner's Village  Santa Lucia (Pob.) Magarao Camarines Sur",
		"has_gcredit":"false",
		"fee_amount":"0",
		"biller_type":"13.6544127,123.2022359"
	},
	{
		"name":"Daily needs Sari-sari Store",
		"payment_date":"721 Rose St Lingga City Of Calamba Laguna",
		"has_gcredit":"false",
		"fee_amount":"0",
		"biller_type":"14.2038092,121.1009921"
	},
	{
		"name":"Morgado Sari-Sari Store ",
		"payment_date":" Zone 2B Olandres St.  Bula City Of General Santos (Dadiangas) South Cotabato",
		"has_gcredit":"false",
		"fee_amount":"0",
		"biller_type":"6.1054513,125.1918392"
	},
	{
		"name":"Bonbon Store",
		"payment_date":" Purok 3 Rajah Muda Bula City Of General Santos (Dadiangas) South Cotabato",
		"has_gcredit":"false",
		"fee_amount":"0",
		"biller_type":"6.1071879,125.1844406"
	},
	{
		"name":"Lala's E-Services",
		"payment_date":" Zone 5 Balatas Anayan Pili (Capital) Camarines Sur",
		"has_gcredit":"false",
		"fee_amount":"0",
		"biller_type":"13.5460266,123.2803327"
	},
	{
		"name":"Christian and Gem Store",
		"payment_date":" Don Alfaro Street Tetuan City Of Zamboanga Zamboanga Del Sur",
		"has_gcredit":"false",
		"fee_amount":"0",
		"biller_type":"6.9158268,122.0877982"
	},
	{
		"name":"LALAS PHARMACY",
		"payment_date":" Quezon Drive street Dau Mabalacat City Pampanga",
		"has_gcredit":"false",
		"fee_amount":"0",
		"biller_type":"15.1723335,120.586128"
	},
	{
		"name":"Ezra Zobrist Store",
		"payment_date":" Estrada St.  Tetuan City Of Zamboanga Zamboanga Del Sur",
		"has_gcredit":"false",
		"fee_amount":"0",
		"biller_type":"6.920273,122.0840966"
	},
	{
		"name":"Combate Drugstore",
		"payment_date":" Lot 01 block 74 district 09 Pandacaqui Mexico Pampanga",
		"has_gcredit":"false",
		"fee_amount":"0",
		"biller_type":"15.1771617,120.6458749"
	},
	{
		"name":"San Jose Minimart ",
		"payment_date":" Pag-asa 1  San Jose (Bo. 5) City Of Koronadal (Capital) South Cotabato",
		"has_gcredit":"false",
		"fee_amount":"0",
		"biller_type":"6.4538502,124.879627"
	},
	{
		"name":"TRAVELPAY BUSINESS CENTER",
		"payment_date":" BORACAY ISLAND FOUNDERS BLDG Poblacion Antipas Cotabato (North Cotabato)",
		"has_gcredit":"false",
		"fee_amount":"0",
		"biller_type":"7.2461752,125.0470761"
	},
	{
		"name":"3D & RKING SARI-SARI STORE",
		"payment_date":" Ph1 blk20 lot4 Eastwood Residences  San Isidro Rodriguez (Montalban) Rizal",
		"has_gcredit":"false",
		"fee_amount":"0",
		"biller_type":"14.7512905,121.1604881"
	},
	{
		"name":"Carmela Gen.Merchandise",
		"payment_date":" Blk53 lot26 pH 2 Pinagsama City Of Taguig Metro Manila",
		"has_gcredit":"false",
		"fee_amount":"0",
		"biller_type":"14.5433882,121.1084744"
	},
	{
		"name":"Checkbok Mart",
		"payment_date":" Araneta street Barangay 14 (Pob.) City Of Bacolod (Capital) Negros Occidental",
		"has_gcredit":"false",
		"fee_amount":"0",
		"biller_type":"10.6663737,122.9448829"
	},
	{
		"name":"RJ Store",
		"payment_date":" Block 165 Lot 14 Sunflower Street Central Bicutan City Of Taguig Metro Manila",
		"has_gcredit":"false",
		"fee_amount":"0",
		"biller_type":"14.4925121,121.0560634"
	},
	{
		"name":"LANI STORE ",
		"payment_date":"1419 Milagros Street  Barangay 317 City Of Manila Metro Manila",
		"has_gcredit":"false",
		"fee_amount":"0",
		"biller_type":"14.61102,120.985777"
	},
	{
		"name":"Betterdays Corner Shop and Refreshment",
		"payment_date":" Vidal Bldg. Cor.Gen.Luna st. Quezon st. Sampaguita City Of Iloilo (Capital) Iloilo",
		"has_gcredit":"false",
		"fee_amount":"0",
		"biller_type":"10.7012839,122.5664622"
	},
	{
		"name":"Joyeshvaughnjed",
		"payment_date":" Luzon st  South Signal Village City Of Taguig Metro Manila",
		"has_gcredit":"false",
		"fee_amount":"0",
		"biller_type":"14.5072864,121.052926"
	},
	{
		"name":"GACEM Travel and Other Services ",
		"payment_date":" B82 L14 NHA SITE 1  Dayap Calauan Laguna",
		"has_gcredit":"false",
		"fee_amount":"0",
		"biller_type":"14.171771,121.3427147"
	},
	{
		"name":"Angel liray store",
		"payment_date":"24 sandalwood st.cor.rose st.greenwoods vill. San Andres (Pob.) Cainta Rizal",
		"has_gcredit":"false",
		"fee_amount":"0",
		"biller_type":"14.555723,121.1060309"
	},
	{
		"name":"RC.19 SARI SARI STORE",
		"payment_date":"021 Rizal Street Santa Clara Sur (Pob.) Pila Laguna",
		"has_gcredit":"false",
		"fee_amount":"0",
		"biller_type":"14.2308568,121.3651685"
	},
	{
		"name":"Ribon Sari Sari Store",
		"payment_date":" B12 lot 52 p2 acacia st. Celestine Marinig City Of Cabuyao Laguna",
		"has_gcredit":"false",
		"fee_amount":"0",
		"biller_type":"14.2704357,121.1538564"
	},
	{
		"name":"Inacay-Alcantara Mini-Store",
		"payment_date":" Zone6 San Francisco (Pob.) Magarao Camarines Sur",
		"has_gcredit":"false",
		"fee_amount":"0",
		"biller_type":"13.664999,123.1787256"
	},
	{
		"name":"Blessed Store",
		"payment_date":"0632 Centro St Anao Mexico Pampanga",
		"has_gcredit":"false",
		"fee_amount":"0",
		"biller_type":"15.1442211,120.6918803"
	},
	{
		"name":"Riezl E-Loading",
		"payment_date":" Greenbreeze Subdivision San Isidro Rodriguez (Montalban) Rizal",
		"has_gcredit":"false",
		"fee_amount":"0",
		"biller_type":"14.7520847,121.1558432"
	},
	{
		"name":"Jiya Your Store",
		"payment_date":" B10-L13 , Anika Homes Visayan Village City Of Tagum (Capital) Davao Del Norte",
		"has_gcredit":"false",
		"fee_amount":"0",
		"biller_type":"7.4239314,125.8053737"
	},
	{
		"name":"Perma drug and convenience store",
		"payment_date":" Blk af lot 4a phase 2 sta Lucia resettlement Santa Lucia Magalang Pampanga",
		"has_gcredit":"false",
		"fee_amount":"0",
		"biller_type":"15.2480028,120.6775054"
	},
	{
		"name":"R-J Sari-sari Store",
		"payment_date":"44 JB Miguel St. Bambang City Of Pasig Metro Manila",
		"has_gcredit":"false",
		"fee_amount":"0",
		"biller_type":"14.5548142,121.0823277"
	},
	{
		"name":"24/7 dens store",
		"payment_date":" Mangga elementary zone3 purok ilang2x visayan village  Visayan Village City Of Tagum (Capital) Davao Del Norte",
		"has_gcredit":"false",
		"fee_amount":"0",
		"biller_type":"7.4177405,125.8092689"
	},
	{
		"name":"Seaborn pandesal",
		"payment_date":" Blk16 don lucas street villa cecilia Mambugan City Of Antipolo (Capital) Rizal",
		"has_gcredit":"false",
		"fee_amount":"0",
		"biller_type":"14.6181745,121.1231276"
	},
	{
		"name":"Anna's sari sari store and eatery",
		"payment_date":"2145 violeta st Ususan City Of Taguig Metro Manila",
		"has_gcredit":"false",
		"fee_amount":"0",
		"biller_type":"14.5354354,121.0691332"
	},
	{
		"name":"Donna",
		"payment_date":" Cloa street Consuelo Floridablanca Pampanga",
		"has_gcredit":"false",
		"fee_amount":"0",
		"biller_type":"14.9498728,120.492473"
	},
	{
		"name":"Fabulous Beautique",
		"payment_date":" Huervana st. La Paz, iloilo City Railway City Of Iloilo (Capital) Iloilo",
		"has_gcredit":"false",
		"fee_amount":"0",
		"biller_type":"10.7097552,122.5695442"
	},
	{
		"name":"JBG SARI SARI STORE",
		"payment_date":" BLK7 PAGLAUM VILLAGE Mansilingan City Of Bacolod (Capital) Negros Occidental",
		"has_gcredit":"false",
		"fee_amount":"0",
		"biller_type":"10.618691,123.0070674"
	},
	{
		"name":"TRIPLE J store",
		"payment_date":" Jp laurel hiway Poblacion Malvar Batangas",
		"has_gcredit":"false",
		"fee_amount":"0",
		"biller_type":"14.0450713,121.158245"
	},
	{
		"name":"J3Y",
		"payment_date":" Olalia rd. Sitio bukal ng buhay Dela Paz (Pob.) City Of Antipolo (Capital) Rizal",
		"has_gcredit":"false",
		"fee_amount":"0",
		"biller_type":"14.6084312,121.174966"
	},
	{
		"name":"gina sari sari store",
		"payment_date":" arellano st. Halayhayin Pililla Rizal",
		"has_gcredit":"false",
		"fee_amount":"0",
		"biller_type":"14.4791689,121.3484448"
	},
	{
		"name":"Aira Store ",
		"payment_date":"179 sampaguita st.  Dalig City Of Antipolo (Capital) Rizal",
		"has_gcredit":"false",
		"fee_amount":"0",
		"biller_type":"14.575247,121.1787266"
	},
	{
		"name":"J.V.Valles Sari Sari Store",
		"payment_date":" P. Arcilla St. Francia (Pob.) Virac (Capital) Catanduanes",
		"has_gcredit":"false",
		"fee_amount":"0",
		"biller_type":"13.5848323,124.2384117"
	},
	{
		"name":"Amy sari sari store",
		"payment_date":"0808 m eusebio Maybunga City Of Pasig Metro Manila",
		"has_gcredit":"false",
		"fee_amount":"0",
		"biller_type":"14.5712889,121.0966094"
	}
]
